Title,Likes,Comments,Saved
"Samuel GarcÃ­a presume la primera Cybertruck que llegÃ³ a MÃ©xico
ğŸ‘‰ğŸ» https://elsiglo.mx/d1531360 #Tesla
sonido original - El Siglo de Durango",12,1,0
original sound El Siglo de Durango,2,0,0
"Ceci Flores, madre buscadora, se viste de beisbolista para que AMLO la atienda ğŸ‘‰ğŸ» https://elsiglo.mx/d1531322 #AMLO
sonido original - El Siglo de Durango",1,0,0
"CORTE INFORMATIVO 19/03/2024 #NOTICIASSTV #Noticias #NoticiasHoy #Durango
sonido original - El Siglo de Durango",21,0,0
"Hoy por la maÃ±ana se dio a conocer el nombre del equipo profesional de bÃ©isbol en el estado, Caliente de Durango, junto con uno de los jerseys, adicional a esto pudimos entrevistar a Carlos Alberto Cedillo, Presidente Ejecutivo del club.
sonido original - El Siglo de Durango
CapCut Â· Edit like a pro",40,1,1
"Amenaza de huelga en la Coesvi #Durango #Coesvi
sonido original - El Siglo de Durango",54,2,0
"Encuentran cuerpo sin vid4 en La FerrerÃ­a #Durango
ğŸ‘‰ğŸ» https://elsiglo.mx/d1531249 #Durango
sonido original - El Siglo de Durango",86,3,1
"ğŸš¨ Confirmado: habrÃ¡ operativos antialcohol durante este prÃ³ximo periodo vacacional de #SemanaSanta en #Durango; buscarÃ¡n prevenir accidentes con esta medida.
sonido original - El Siglo de Durango",72,2,3
"Incendio arrasa con boda en San Miguel de Allende
ğŸ‘‰ğŸ» https://elsiglo.mx/d1531127 #Viral #Nacional #Incendio
sonido original - El Siglo de Durango",25,0,0
"Fall3cen 2 menores en accidente carretero en la Durango-Parral
ğŸ‘‰ğŸ» https://elsiglo.mx/d1531176 #Durango
sonido original - El Siglo de Durango",163,1,7
"Joven varÃ³n sufre accidente en el brazo izquierdo tras participar en torneo de vencidas en el estado de Durango
sonido original - El Siglo de Durango",21,0,2
"Â¿SabÃ­as del volcÃ¡n inactivo que tiene #Durango? En este video te presentamos el â€œJagÃ¼eyâ€, ubicado en el municipio de CanatlÃ¡n, Durango.
sonido original - El Siglo de Durango",25,0,1
"Salinas Pliego cuestiona flores enviadas a La Gilbertona
ğŸ‘‰ğŸ»https://elsiglo.mx/d1530993 #LaGilbertona
sonido original - El Siglo de Durango",169,4,10
"Promete XÃ³chitl GÃ¡lvez programa de vivienda para jÃ³venes ğŸ‘‰ğŸ» https://elsiglo.mx/d1530978 #xochitlgalvez #Mexico
sonido original - El Siglo de Durango",18,6,0
"ğŸ”­ Crece el interÃ©s en #Durango por la observaciÃ³n astronÃ³mica
sonido original - El Siglo de Durango",20,0,0
"ğŸ’¬ JÃ³venes duranguenses piden apoyo de la ciudadanÃ­a para seguir con sus actividades de difusiÃ³n cientÃ­fica
sonido original - El Siglo de Durango",11,0,0
"Ayer por la noche en el vuelo AM113 de AeromÃ©xico, una mujer dio a luz en pleno vuelo de Ciudad de MÃ©xico a Cd. JuÃ¡rez
sonido original - El Siglo de Durango
CapCut Â· Edit like a pro",53,1,2
"Con la filtraciÃ³n del nombre del equipo encabezado por Emilio Hank, esto opina la gente sobre ""Calientes de Durango""
sonido original - El Siglo de Durango
CapCut Â· Edit like a pro",98,3,5
"ğŸ’« Amantes de los animes, cÃ³mics y el cosplay se darÃ¡n cita este fin de semana en la convenciÃ³n denominada Super Con, a las afueras del Auditorio del Pueblo
sonido original - El Siglo de Durango",13,0,0
"Bomberos salvan a bebÃ© de m0r1r asfixiado
ğŸ‘‰ğŸ» https://elsiglo.mx/d1530995 #Durango #ProteccionCivil
sonido original - El Siglo de Durango",69,1,0
"Taxi termina volcado en parque de Nazas; conductor huyÃ³ ğŸ‘‰ğŸ» https://elsiglo.mx/d1530980 #Durango #ParqueNazas #IncidenteVial
sonido original - El Siglo de Durango",88,3,2
"Motociclista fall3ce tras choque esta maÃ±ana en bulevar Francisco Villa
ğŸ‘‰ğŸ» https://elsiglo.mx/d1530975 #Durango
sonido original - El Siglo de Durango",29,0,1
"ğŸ“° #Las5DeLaSemana con Fernanda CalderÃ³n.
sonido original - El Siglo de Durango",11,0,1
"Â¿SabÃ­as que ya puedes ver en tiempo real la calidad del aire en #Durango? ğŸ§ Checa este tutorial para hacerlo. ğŸ‘†
sonido original - El Siglo de Durango",5,0,0
"XÃ³chitl GÃ¡lvez afirma que en su gobierno obras de infraestructura no estarÃ¡n a cargo de militares ğŸ‘‰ğŸ» https://elsiglo.mx/d1530726
sonido original - El Siglo de Durango",20,4,1
"CORTE INFORMATIVO 15/03/2024 #NOTICIASSTV #Noticias #NoticiasHoy #Durango
sonido original - El Siglo de Durango",60,0,2
"Maestro agrediÃ³ a la Directora de PsicologÃ­a y Terapia de la ComunicaciÃ³n Humana
ğŸ‘‰ğŸ» https://elsiglo.mx/d1530771
sonido original - El Siglo de Durango",17,0,0
"Motociclista fall3ce tras chocar con camioneta en bulevar Guadiana
ğŸ‘‰ğŸ» https://elsiglo.mx/d1530803 #Durango
sonido original - El Siglo de Durango",48,1,1
"En Durango, solo 10% de motocicletas retenidas han sido recogidas
ğŸ‘‰ğŸ» https://elsiglo.mx/d1530683 #Durango
sonido original - El Siglo de Durango",105,9,4
"AMLO asegura que se va contento y con la conciencia tranquila
ğŸ‘‰ğŸ» https://elsiglo.mx/d1530675 #AMLO #Mexico #Nacional
sonido original - El Siglo de Durango",42,3,1
"CORTE INFORMATIVO 14/03/2024 #NOTICIASSTV #Noticias #NoticiasHoy #Durango
sonido original - El Siglo de Durango",15,0,0
"'Calientes de Durango', nuevo nombre del equipo de beisbol 
ğŸ‘‰ğŸ» https://elsiglo.mx/d1530599 #Durango #LMB
sonido original - El Siglo de Durango",16,4,1
"Bomberos rescatan a varÃ³n tras volcadura en salida a Mezquital
ğŸ‘‰ğŸ» https://elsiglo.mx/d1530661 #Durango
sonido original - El Siglo de Durango",69,0,1
"Â¡Lo volviÃ³ a hacer! Hombre lanza billetes de 500 pesos en malecÃ³n de MazatlÃ¡n
ğŸ‘‰ğŸ» https://elsiglo.mx/d1530423
sonido original - El Siglo de Durango",7,0,1
"En redes sociales se ha viralizado ""la teorÃ­a de marzo"", y aquÃ­ te explicamos en quÃ© consiste
sonido original - El Siglo de Durango",369,3,65
